Payment Date,Total Payments Value,day_of_week,day_of_month,month,year,days_since_start
2024-05-01,68787.25,2,1,5,2024,0
2024-05-02,40490.71,3,2,5,2024,1
2024-05-03,42881.31,4,3,5,2024,2
2024-05-04,16309.82,5,4,5,2024,3
2024-05-05,18323.949999999997,6,5,5,2024,4
2024-05-06,64656.67,0,6,5,2024,5
2024-05-07,22831.010000000002,1,7,5,2024,6
2024-05-08,39480.84,2,8,5,2024,7
2024-05-09,48408.87,3,9,5,2024,8
2024-05-10,50897.11,4,10,5,2024,9
2024-05-11,13682.1,5,11,5,2024,10
2024-05-12,21384.66,6,12,5,2024,11
2024-05-13,92378.44,0,13,5,2024,12
2024-05-14,25453.42,1,14,5,2024,13
2024-05-15,40368.44,2,15,5,2024,14
2024-05-16,50911.990000000005,3,16,5,2024,15
2024-05-17,44131.93,4,17,5,2024,16
2024-05-18,13367.48,5,18,5,2024,17
2024-05-19,11672.25,6,19,5,2024,18
2024-05-20,92550.32,0,20,5,2024,19
2024-05-21,31739.520000000004,1,21,5,2024,20
2024-05-22,41525.44,2,22,5,2024,21
2024-05-23,36376.24,3,23,5,2024,22
2024-05-24,43636.4,4,24,5,2024,23
2024-05-25,17342.73,5,25,5,2024,24
2024-05-26,12349.33,6,26,5,2024,25
2024-05-27,31488.25,0,27,5,2024,26
2024-05-28,85643.47,1,28,5,2024,27
2024-05-29,33186.39,2,29,5,2024,28
2024-05-30,48499.5,3,30,5,2024,29
2024-05-31,31941.59,4,31,5,2024,30
2024-06-01,47061.12,5,1,6,2024,31
2024-06-02,19299.46,6,2,6,2024,32
2024-06-03,64977.83,0,3,6,2024,33
2024-06-04,27869.489999999998,1,4,6,2024,34
2024-06-05,35726.45,2,5,6,2024,35
2024-06-06,41151.490000000005,3,6,6,2024,36
2024-06-07,123595.56,4,7,6,2024,37
2024-06-08,20885.579999999998,5,8,6,2024,38
2024-06-09,17807.15,6,9,6,2024,39
2024-06-10,107419.73,0,10,6,2024,40
2024-06-11,47056.85,1,11,6,2024,41
2024-06-12,38440.7,2,12,6,2024,42
2024-06-13,39371.130000000005,3,13,6,2024,43
2024-06-14,60282.94,4,14,6,2024,44
2024-06-15,18397.18,5,15,6,2024,45
2024-06-16,26600.940000000002,6,16,6,2024,46
2024-06-17,83061.48000000001,0,17,6,2024,47
2024-06-18,33763.86,1,18,6,2024,48
2024-06-19,27010.77,2,19,6,2024,49
2024-06-20,31639.829999999998,3,20,6,2024,50
2024-06-21,33227.520000000004,4,21,6,2024,51
2024-06-22,21375.659999999996,5,22,6,2024,52
2024-06-23,15332.3,6,23,6,2024,53
2024-06-24,51427.38,0,24,6,2024,54
2024-06-25,29493.35,1,25,6,2024,55
2024-06-26,23104.34,2,26,6,2024,56
2024-06-27,82998.78,3,27,6,2024,57
2024-06-28,61069.06,4,28,6,2024,58
2024-06-29,7197.73,5,29,6,2024,59
2024-06-30,8429.81,6,30,6,2024,60
2024-07-01,142807.15,0,1,7,2024,61
2024-07-02,26957.48,1,2,7,2024,62
2024-07-03,30533.54,2,3,7,2024,63
2024-07-04,14508.419999999998,3,4,7,2024,64
2024-07-05,67678.93000000001,4,5,7,2024,65
2024-07-06,17414.75,5,6,7,2024,66
2024-07-07,21220.65,6,7,7,2024,67
2024-07-08,86809.13,0,8,7,2024,68
2024-07-09,27046.54,1,9,7,2024,69
2024-07-10,39098.47,2,10,7,2024,70
2024-07-11,48110.08,3,11,7,2024,71
2024-07-12,65566.6,4,12,7,2024,72
2024-07-13,22586.699999999997,5,13,7,2024,73
2024-07-14,19926.58,6,14,7,2024,74
2024-07-15,41096.65,0,15,7,2024,75
2024-07-16,48552.75,1,16,7,2024,76
2024-07-17,43802.99,2,17,7,2024,77
2024-07-18,82240.19,3,18,7,2024,78
2024-07-19,47530.5,4,19,7,2024,79
2024-07-20,22108.55,5,20,7,2024,80
2024-07-21,22724.67,6,21,7,2024,81
2024-07-22,65996.31999999999,0,22,7,2024,82
2024-07-23,30251.550000000003,1,23,7,2024,83
2024-07-24,42162.79,2,24,7,2024,84
2024-07-25,35916.47,3,25,7,2024,85
2024-07-26,42959.47,4,26,7,2024,86
2024-07-27,28408.35,5,27,7,2024,87
2024-07-28,37503.280000000006,6,28,7,2024,88
2024-07-29,64987.54,0,29,7,2024,89
2024-07-30,19370.79,1,30,7,2024,90
2024-07-31,11290.17,2,31,7,2024,91
2024-08-01,67140.48000000001,3,1,8,2024,92
2024-08-02,40860.81,4,2,8,2024,93
2024-08-03,21464.65,5,3,8,2024,94
2024-08-04,14586.96,6,4,8,2024,95
2024-08-05,102028.63,0,5,8,2024,96
2024-08-06,36468.05,1,6,8,2024,97
2024-08-07,113451.76999999999,2,7,8,2024,98
2024-08-08,41350.53,3,8,8,2024,99
2024-08-09,51217.41,4,9,8,2024,100
2024-08-10,16161.73,5,10,8,2024,101
2024-08-11,15309.869999999999,6,11,8,2024,102
2024-08-12,65754.15,0,12,8,2024,103
2024-08-13,52805.05,1,13,8,2024,104
2024-08-14,28670.83,2,14,8,2024,105
2024-08-15,38635.43,3,15,8,2024,106
2024-08-16,65717.72,4,16,8,2024,107
2024-08-17,23422.84,5,17,8,2024,108
2024-08-18,13542.82,6,18,8,2024,109
2024-08-19,103214.64000000001,0,19,8,2024,110
2024-08-20,35722.22,1,20,8,2024,111
2024-08-21,34456.29,2,21,8,2024,112
2024-08-22,60375.47,3,22,8,2024,113
2024-08-23,32040.97,4,23,8,2024,114
2024-08-24,14590.53,5,24,8,2024,115
2024-08-25,18316.03,6,25,8,2024,116
2024-08-26,68741.09,0,26,8,2024,117
2024-08-27,47545.020000000004,1,27,8,2024,118
2024-08-28,53666.46,2,28,8,2024,119
2024-08-29,25762.230000000003,3,29,8,2024,120
2024-08-30,27303.22,4,30,8,2024,121
2024-08-31,7308.879999999999,5,31,8,2024,122
2024-09-01,45982.869999999995,6,1,9,2024,123
2024-09-02,20902.98,0,2,9,2024,124
2024-09-03,100715.25,1,3,9,2024,125
2024-09-04,79055.81,2,4,9,2024,126
2024-09-05,39720.3,3,5,9,2024,127
2024-09-06,42248.31,4,6,9,2024,128
2024-09-07,21159.89,5,7,9,2024,129
2024-09-08,22907.190000000002,6,8,9,2024,130
2024-09-09,87863.33,0,9,9,2024,131
2024-09-10,45820.43,1,10,9,2024,132
2024-09-11,83570.05,2,11,9,2024,133
2024-09-12,45345.34,3,12,9,2024,134
2024-09-13,39077.93,4,13,9,2024,135
2024-09-14,17509.64,5,14,9,2024,136
2024-09-15,18914.86,6,15,9,2024,137
2024-09-16,58902.490000000005,0,16,9,2024,138
2024-09-17,51190.53,1,17,9,2024,139
2024-09-18,47728.06,2,18,9,2024,140
2024-09-19,57672.72,3,19,9,2024,141
2024-09-20,74270.63,4,20,9,2024,142
2024-09-21,22419.29,5,21,9,2024,143
2024-09-22,23274.41,6,22,9,2024,144
2024-09-23,62388.1,0,23,9,2024,145
2024-09-24,46096.23,1,24,9,2024,146
2024-09-25,31201.54,2,25,9,2024,147
2024-09-26,88018.09999999999,3,26,9,2024,148
2024-09-27,86332.46,4,27,9,2024,149
2024-09-28,39472.41,5,28,9,2024,150
2024-09-29,8934.759999999998,6,29,9,2024,151
2024-09-30,56019.82,0,30,9,2024,152
2024-10-01,61451.33,1,1,10,2024,153
2024-10-02,36978.15,2,2,10,2024,154
2024-10-03,41307.75,3,3,10,2024,155
2024-10-04,53742.44,4,4,10,2024,156
2024-10-05,19240.43,5,5,10,2024,157
2024-10-06,20475.03,6,6,10,2024,158
2024-10-07,102766.42,0,7,10,2024,159
2024-10-08,39973.149999999994,1,8,10,2024,160
2024-10-09,50410.06,2,9,10,2024,161
2024-10-10,88606.76999999999,3,10,10,2024,162
2024-10-11,43239.43,4,11,10,2024,163
2024-10-12,28611.09,5,12,10,2024,164
2024-10-13,21968.21,6,13,10,2024,165
2024-10-14,41733.37,0,14,10,2024,166
2024-10-15,58034.29,1,15,10,2024,167
2024-10-16,43561.37,2,16,10,2024,168
2024-10-17,82193.82,3,17,10,2024,169
2024-10-18,35325.3,4,18,10,2024,170
2024-10-19,14530.23,5,19,10,2024,171
2024-10-20,22399.41,6,20,10,2024,172
2024-10-21,105836.7,0,21,10,2024,173
2024-10-22,40514.66,1,22,10,2024,174
2024-10-23,32383.29,2,23,10,2024,175
2024-10-24,46091.24,3,24,10,2024,176
2024-10-25,51746.53999999999,4,25,10,2024,177
2024-10-26,20255.79,5,26,10,2024,178
2024-10-27,32076.710000000003,6,27,10,2024,179
2024-10-28,84511.51000000001,0,28,10,2024,180
2024-10-29,20496.55,1,29,10,2024,181
2024-10-30,18449.92,2,30,10,2024,182
2024-10-31,31927.89,3,31,10,2024,183
2024-11-01,70130.04999999999,4,1,11,2024,184
2024-11-02,23297.22,5,2,11,2024,185
2024-11-03,23820.96,6,3,11,2024,186
2024-11-04,59288.99,0,4,11,2024,187
2024-11-05,60363.74,1,5,11,2024,188
2024-11-06,48349.2,2,6,11,2024,189
2024-11-07,62728.520000000004,3,7,11,2024,190
2024-11-08,59719.09,4,8,11,2024,191
2024-11-09,23178.210000000003,5,9,11,2024,192
2024-11-10,20244.989999999998,6,10,11,2024,193
2024-11-11,34099.61,0,11,11,2024,194
2024-11-12,85662.56,1,12,11,2024,195
2024-11-13,44640.009999999995,2,13,11,2024,196
2024-11-14,46325.119999999995,3,14,11,2024,197
2024-11-15,60308.7,4,15,11,2024,198
2024-11-16,28144.600000000002,5,16,11,2024,199
2024-11-17,25634.7,6,17,11,2024,200
2024-11-18,74258.18,0,18,11,2024,201
2024-11-19,41733.58,1,19,11,2024,202
2024-11-20,37478.880000000005,2,20,11,2024,203
2024-11-21,88222.55,3,21,11,2024,204
2024-11-22,49034.0,4,22,11,2024,205
2024-11-23,19638.04,5,23,11,2024,206
2024-11-24,21276.5,6,24,11,2024,207
2024-11-25,80796.7,0,25,11,2024,208
2024-11-26,43116.65,1,26,11,2024,209
2024-11-27,42694.78,2,27,11,2024,210
2024-11-28,43895.729999999996,3,28,11,2024,211
2024-11-29,13336.03,4,29,11,2024,212
2024-11-30,9294.08,5,30,11,2024,213
2024-12-01,63306.8,6,1,12,2024,214
2024-12-02,87679.83,0,2,12,2024,215
2024-12-03,46044.14,1,3,12,2024,216
2024-12-04,49443.07,2,4,12,2024,217
2024-12-05,45131.38,3,5,12,2024,218
2024-12-06,56994.78,4,6,12,2024,219
2024-12-07,22239.46,5,7,12,2024,220
2024-12-08,28584.809999999998,6,8,12,2024,221
2024-12-09,90498.46,0,9,12,2024,222
2024-12-10,68978.5,1,10,12,2024,223
2024-12-11,69209.44,2,11,12,2024,224
2024-12-12,52764.29,3,12,12,2024,225
2024-12-13,42740.95,4,13,12,2024,226
2024-12-14,23554.05,5,14,12,2024,227
2024-12-15,29674.86,6,15,12,2024,228
2024-12-16,90500.25,0,16,12,2024,229
2024-12-17,50027.12,1,17,12,2024,230
2024-12-18,37850.76,2,18,12,2024,231
2024-12-19,56856.89,3,19,12,2024,232
2024-12-20,40722.56,4,20,12,2024,233
2024-12-21,24799.06,5,21,12,2024,234
2024-12-22,29141.06,6,22,12,2024,235
2024-12-23,97090.33,0,23,12,2024,236
2024-12-24,21531.8,1,24,12,2024,237
2024-12-25,18159.84,2,25,12,2024,238
2024-12-26,47575.54,3,26,12,2024,239
2024-12-27,47358.5,4,27,12,2024,240
2024-12-28,58639.619999999995,5,28,12,2024,241
2024-12-29,13972.47,6,29,12,2024,242
2024-12-30,39547.97,0,30,12,2024,243
2024-12-31,25911.620000000003,1,31,12,2024,244
2025-01-01,59459.469999999994,2,1,1,2025,245
2025-01-02,57747.479999999996,3,2,1,2025,246
2025-01-03,53074.66,4,3,1,2025,247
2025-01-04,27226.46,5,4,1,2025,248
2025-01-05,22066.43,6,5,1,2025,249
2025-01-06,60735.86,0,6,1,2025,250
2025-01-07,78025.55,1,7,1,2025,251
2025-01-08,75610.59,2,8,1,2025,252
2025-01-09,67854.0,3,9,1,2025,253
2025-01-10,52240.65,4,10,1,2025,254
2025-01-11,21289.65,5,11,1,2025,255
2025-01-12,28566.54,6,12,1,2025,256
2025-01-13,73629.95000000001,0,13,1,2025,257
2025-01-14,76953.61,1,14,1,2025,258
2025-01-15,61060.369999999995,2,15,1,2025,259
2025-01-16,63809.44,3,16,1,2025,260
2025-01-17,64358.29,4,17,1,2025,261
2025-01-18,20509.260000000002,5,18,1,2025,262
2025-01-19,20319.87,6,19,1,2025,263
2025-01-20,39825.68,0,20,1,2025,264
2025-01-21,48845.29,1,21,1,2025,265
2025-01-22,52451.92,2,22,1,2025,266
2025-01-23,58003.17,3,23,1,2025,267
2025-01-24,40149.55,4,24,1,2025,268
2025-01-25,21783.93,5,25,1,2025,269
2025-01-26,21817.379999999997,6,26,1,2025,270
2025-01-27,157081.68,0,27,1,2025,271
2025-01-28,55793.689999999995,1,28,1,2025,272
2025-01-29,27023.59,2,29,1,2025,273
2025-01-30,42525.5,3,30,1,2025,274
2025-01-31,47308.87,4,31,1,2025,275
2025-02-01,62041.81,5,1,2,2025,276
2025-02-02,27210.38,6,2,2,2025,277
2025-02-03,75463.62,0,3,2,2025,278
2025-02-04,72585.7,1,4,2,2025,279
2025-02-05,36604.05,2,5,2,2025,280
2025-02-06,34918.97,3,6,2,2025,281
2025-02-07,80855.42,4,7,2,2025,282
2025-02-08,30165.5,5,8,2,2025,283
2025-02-09,23916.04,6,9,2,2025,284
2025-02-10,81188.17,0,10,2,2025,285
2025-02-11,37434.479999999996,1,11,2,2025,286
2025-02-12,53537.979999999996,2,12,2,2025,287
2025-02-13,56920.17,3,13,2,2025,288
2025-02-14,46830.01,4,14,2,2025,289
2025-02-15,28997.120000000003,5,15,2,2025,290
2025-02-16,31094.32,6,16,2,2025,291
2025-02-17,41868.29,0,17,2,2025,292
2025-02-18,68328.34,1,18,2,2025,293
2025-02-19,31546.16,2,19,2,2025,294
2025-02-20,48216.880000000005,3,20,2,2025,295
2025-02-21,48351.55,4,21,2,2025,296
2025-02-22,29822.67,5,22,2,2025,297
2025-02-23,24928.59,6,23,2,2025,298
2025-02-24,102313.84999999999,0,24,2,2025,299
2025-02-25,79536.27,1,25,2,2025,300
2025-02-26,35946.56,2,26,2,2025,301
2025-02-27,57962.75,3,27,2,2025,302
2025-02-28,88564.2,4,28,2,2025,303
2025-03-01,60799.25,5,1,3,2025,304
2025-03-02,30267.8,6,2,3,2025,305
2025-03-03,117025.66,0,3,3,2025,306
2025-03-04,79025.76999999999,1,4,3,2025,307
2025-03-05,47075.58,2,5,3,2025,308
2025-03-06,46052.92,3,6,3,2025,309
2025-03-07,61978.27,4,7,3,2025,310
2025-03-08,34769.71,5,8,3,2025,311
2025-03-09,28959.969999999998,6,9,3,2025,312
2025-03-10,94868.87,0,10,3,2025,313
2025-03-11,50658.42999999999,1,11,3,2025,314
2025-03-12,57826.07,2,12,3,2025,315
2025-03-13,59981.729999999996,3,13,3,2025,316
2025-03-14,44736.29,4,14,3,2025,317
2025-03-15,27394.989999999998,5,15,3,2025,318
2025-03-16,35154.61,6,16,3,2025,319
2025-03-17,73565.88,0,17,3,2025,320
2025-03-18,49850.9,1,18,3,2025,321
2025-03-19,42166.0,2,19,3,2025,322
2025-03-20,103559.81,3,20,3,2025,323
2025-03-21,50689.08,4,21,3,2025,324
2025-03-22,32447.45,5,22,3,2025,325
2025-03-23,23498.78,6,23,3,2025,326
2025-03-24,113471.2,0,24,3,2025,327
2025-03-25,51303.68,1,25,3,2025,328
2025-03-26,41264.16,2,26,3,2025,329
2025-03-27,59083.91,3,27,3,2025,330
2025-03-28,79001.01000000001,4,28,3,2025,331
2025-03-29,13842.17,5,29,3,2025,332
2025-03-30,9251.279999999999,6,30,3,2025,333
2025-03-31,57797.91,0,31,3,2025,334
2025-04-01,108707.11,1,1,4,2025,335
2025-04-02,59717.22,2,2,4,2025,336
2025-04-03,59118.79,3,3,4,2025,337
2025-04-04,47746.0,4,4,4,2025,338
2025-04-05,23529.1,5,5,4,2025,339
2025-04-06,29369.71,6,6,4,2025,340
2025-04-07,76589.2,0,7,4,2025,341
2025-04-08,58213.520000000004,1,8,4,2025,342
2025-04-09,56514.2,2,9,4,2025,343
2025-04-10,55330.54,3,10,4,2025,344
2025-04-11,63312.46,4,11,4,2025,345
2025-04-12,27257.45,5,12,4,2025,346
2025-04-13,24433.780000000002,6,13,4,2025,347
2025-04-14,89192.87,0,14,4,2025,348
2025-04-15,52226.61,1,15,4,2025,349
2025-04-16,53329.41,2,16,4,2025,350
2025-04-17,66868.1,3,17,4,2025,351
2025-04-18,59209.22,4,18,4,2025,352
2025-04-19,22193.5,5,19,4,2025,353
2025-04-20,25138.95,6,20,4,2025,354
2025-04-21,98831.45000000001,0,21,4,2025,355
2025-04-22,55075.0,1,22,4,2025,356
2025-04-23,32946.2,2,23,4,2025,357
2025-04-24,51695.36,3,24,4,2025,358
2025-04-25,89860.83,4,25,4,2025,359
2025-04-26,22576.89,5,26,4,2025,360
2025-04-27,40507.47,6,27,4,2025,361
2025-04-28,147027.61000000002,0,28,4,2025,362
2025-04-29,23810.190000000002,1,29,4,2025,363
2025-04-30,62524.38,2,30,4,2025,364
2025-05-01,86695.68,3,1,5,2025,365
2025-05-02,56582.71000000001,4,2,5,2025,366
2025-05-03,32817.880000000005,5,3,5,2025,367
2025-05-04,25893.93,6,4,5,2025,368
2025-05-05,73104.54,0,5,5,2025,369
2025-05-06,37611.66,1,6,5,2025,370
2025-05-07,95267.1,2,7,5,2025,371
2025-05-08,57323.74,3,8,5,2025,372
2025-05-09,58798.28,4,9,5,2025,373
2025-05-10,29347.59,5,10,5,2025,374
2025-05-11,23609.55,6,11,5,2025,375
2025-05-12,84495.62,0,12,5,2025,376
2025-05-13,55618.700000000004,1,13,5,2025,377
2025-05-14,44857.86,2,14,5,2025,378
2025-05-15,75152.08,3,15,5,2025,379
2025-05-16,51230.23,4,16,5,2025,380
2025-05-17,32386.730000000003,5,17,5,2025,381
2025-05-18,24147.92,6,18,5,2025,382
2025-05-19,68764.14,0,19,5,2025,383
2025-05-20,42829.630000000005,1,20,5,2025,384
2025-05-21,43340.32,2,21,5,2025,385
2025-05-22,48704.2,3,22,5,2025,386
2025-05-23,45774.95,4,23,5,2025,387
2025-05-24,27596.72,5,24,5,2025,388
2025-05-25,23779.09,6,25,5,2025,389
2025-05-26,41964.59,0,26,5,2025,390
2025-05-27,97894.68,1,27,5,2025,391
2025-05-28,71799.73,2,28,5,2025,392
2025-05-29,55571.979999999996,3,29,5,2025,393
2025-05-30,31612.190000000002,4,30,5,2025,394
2025-05-31,7125.57,5,31,5,2025,395
